-- MySQL dump 10.13  Distrib 8.0.19, for Win64 (x86_64)
--
-- Host: localhost    Database: comic_collection
-- ------------------------------------------------------
-- Server version	8.4.0

/*!40101 SET @OLD_CHARACTER_SET_CLIENT=@@CHARACTER_SET_CLIENT */;
/*!40101 SET @OLD_CHARACTER_SET_RESULTS=@@CHARACTER_SET_RESULTS */;
/*!40101 SET @OLD_COLLATION_CONNECTION=@@COLLATION_CONNECTION */;
/*!50503 SET NAMES utf8mb4 */;
/*!40103 SET @OLD_TIME_ZONE=@@TIME_ZONE */;
/*!40103 SET TIME_ZONE='+00:00' */;
/*!40014 SET @OLD_UNIQUE_CHECKS=@@UNIQUE_CHECKS, UNIQUE_CHECKS=0 */;
/*!40014 SET @OLD_FOREIGN_KEY_CHECKS=@@FOREIGN_KEY_CHECKS, FOREIGN_KEY_CHECKS=0 */;
/*!40101 SET @OLD_SQL_MODE=@@SQL_MODE, SQL_MODE='NO_AUTO_VALUE_ON_ZERO' */;
/*!40111 SET @OLD_SQL_NOTES=@@SQL_NOTES, SQL_NOTES=0 */;

--
-- Table structure for table `comics`
--

DROP TABLE IF EXISTS `comics`;
/*!40101 SET @saved_cs_client     = @@character_set_client */;
/*!50503 SET character_set_client = utf8mb4 */;
CREATE TABLE `comics` (
  `id` int NOT NULL AUTO_INCREMENT,
  `title` varchar(255) NOT NULL,
  `author` varchar(255) NOT NULL,
  `genre` varchar(100) DEFAULT NULL,
  `total_chapters` int DEFAULT NULL,
  `cover_image` varchar(255) DEFAULT NULL,
  PRIMARY KEY (`id`)
) ENGINE=InnoDB AUTO_INCREMENT=6 DEFAULT CHARSET=utf8mb4 COLLATE=utf8mb4_0900_ai_ci;
/*!40101 SET character_set_client = @saved_cs_client */;

--
-- Dumping data for table `comics`
--

LOCK TABLES `comics` WRITE;
/*!40000 ALTER TABLE `comics` DISABLE KEYS */;
INSERT INTO `comics` VALUES (1,'One Piece','Eiichiro Oda','Adventure',1100,'one_piece.jpg'),(2,'Naruto','Masashi Kishimoto','Action',700,'naruto.jpg'),(3,'Attack on Titan','Hajime Isayama','Dark Fantasy',139,'aot.jpg'),(4,'Dragon Ball','Akira Toriyama','Martial Arts',519,'dbz.jpg'),(5,'Death Note','Tsugumi Ohba','Psychological',108,'death_note.jpg');
/*!40000 ALTER TABLE `comics` ENABLE KEYS */;
UNLOCK TABLES;

--
-- Table structure for table `library`
--

DROP TABLE IF EXISTS `library`;
/*!40101 SET @saved_cs_client     = @@character_set_client */;
/*!50503 SET character_set_client = utf8mb4 */;
CREATE TABLE `library` (
  `id` int NOT NULL AUTO_INCREMENT,
  `user_id` int NOT NULL,
  `comic_id` int NOT NULL,
  `current_chapter` int DEFAULT '1',
  `status` enum('reading','completed') DEFAULT 'reading',
  PRIMARY KEY (`id`),
  KEY `user_id` (`user_id`),
  KEY `comic_id` (`comic_id`),
  CONSTRAINT `library_ibfk_1` FOREIGN KEY (`user_id`) REFERENCES `users` (`id`) ON DELETE CASCADE,
  CONSTRAINT `library_ibfk_2` FOREIGN KEY (`comic_id`) REFERENCES `comics` (`id`) ON DELETE CASCADE
) ENGINE=InnoDB AUTO_INCREMENT=5 DEFAULT CHARSET=utf8mb4 COLLATE=utf8mb4_0900_ai_ci;
/*!40101 SET character_set_client = @saved_cs_client */;

--
-- Dumping data for table `library`
--

LOCK TABLES `library` WRITE;
/*!40000 ALTER TABLE `library` DISABLE KEYS */;
INSERT INTO `library` VALUES (1,2,1,200,'reading'),(2,2,3,139,'completed'),(3,3,2,500,'reading'),(4,3,5,108,'completed');
/*!40000 ALTER TABLE `library` ENABLE KEYS */;
UNLOCK TABLES;

--
-- Table structure for table `reviews`
--

DROP TABLE IF EXISTS `reviews`;
/*!40101 SET @saved_cs_client     = @@character_set_client */;
/*!50503 SET character_set_client = utf8mb4 */;
CREATE TABLE `reviews` (
  `id` int NOT NULL AUTO_INCREMENT,
  `user_id` int NOT NULL,
  `comic_id` int NOT NULL,
  `rating` int DEFAULT NULL,
  `comment` text,
  PRIMARY KEY (`id`),
  KEY `user_id` (`user_id`),
  KEY `comic_id` (`comic_id`),
  CONSTRAINT `reviews_ibfk_1` FOREIGN KEY (`user_id`) REFERENCES `users` (`id`) ON DELETE CASCADE,
  CONSTRAINT `reviews_ibfk_2` FOREIGN KEY (`comic_id`) REFERENCES `comics` (`id`) ON DELETE CASCADE,
  CONSTRAINT `reviews_chk_1` CHECK ((`rating` between 1 and 5))
) ENGINE=InnoDB AUTO_INCREMENT=5 DEFAULT CHARSET=utf8mb4 COLLATE=utf8mb4_0900_ai_ci;
/*!40101 SET character_set_client = @saved_cs_client */;

--
-- Dumping data for table `reviews`
--

LOCK TABLES `reviews` WRITE;
/*!40000 ALTER TABLE `reviews` DISABLE KEYS */;
INSERT INTO `reviews` VALUES (1,2,1,5,'One Piece is amazing!'),(2,2,3,4,'Attack on Titan is great but very dark.'),(3,3,2,5,'Naruto was my childhood favorite.'),(4,3,5,4,'Death Note is a masterpiece.');
/*!40000 ALTER TABLE `reviews` ENABLE KEYS */;
UNLOCK TABLES;

--
-- Table structure for table `users`
--

DROP TABLE IF EXISTS `users`;
/*!40101 SET @saved_cs_client     = @@character_set_client */;
/*!50503 SET character_set_client = utf8mb4 */;
CREATE TABLE `users` (
  `id` int NOT NULL AUTO_INCREMENT,
  `username` varchar(255) NOT NULL,
  `email` varchar(255) NOT NULL,
  `role` enum('admin','user') NOT NULL,
  PRIMARY KEY (`id`),
  UNIQUE KEY `username` (`username`),
  UNIQUE KEY `email` (`email`)
) ENGINE=InnoDB AUTO_INCREMENT=4 DEFAULT CHARSET=utf8mb4 COLLATE=utf8mb4_0900_ai_ci;
/*!40101 SET character_set_client = @saved_cs_client */;

--
-- Dumping data for table `users`
--

LOCK TABLES `users` WRITE;
/*!40000 ALTER TABLE `users` DISABLE KEYS */;
INSERT INTO `users` VALUES (1,'admin_user','admin@example.com','admin'),(2,'collector1','collector1@example.com','user'),(3,'collector2','collector2@example.com','user');
/*!40000 ALTER TABLE `users` ENABLE KEYS */;
UNLOCK TABLES;

--
-- Table structure for table `wishlist`
--

DROP TABLE IF EXISTS `wishlist`;
/*!40101 SET @saved_cs_client     = @@character_set_client */;
/*!50503 SET character_set_client = utf8mb4 */;
CREATE TABLE `wishlist` (
  `id` int NOT NULL AUTO_INCREMENT,
  `user_id` int NOT NULL,
  `comic_id` int NOT NULL,
  PRIMARY KEY (`id`),
  KEY `user_id` (`user_id`),
  KEY `comic_id` (`comic_id`),
  CONSTRAINT `wishlist_ibfk_1` FOREIGN KEY (`user_id`) REFERENCES `users` (`id`) ON DELETE CASCADE,
  CONSTRAINT `wishlist_ibfk_2` FOREIGN KEY (`comic_id`) REFERENCES `comics` (`id`) ON DELETE CASCADE
) ENGINE=InnoDB AUTO_INCREMENT=5 DEFAULT CHARSET=utf8mb4 COLLATE=utf8mb4_0900_ai_ci;
/*!40101 SET character_set_client = @saved_cs_client */;

--
-- Dumping data for table `wishlist`
--

LOCK TABLES `wishlist` WRITE;
/*!40000 ALTER TABLE `wishlist` DISABLE KEYS */;
INSERT INTO `wishlist` VALUES (1,2,1),(2,2,3),(3,3,2),(4,3,4);
/*!40000 ALTER TABLE `wishlist` ENABLE KEYS */;
UNLOCK TABLES;

--
-- Dumping routines for database 'comic_collection'
--
/*!40103 SET TIME_ZONE=@OLD_TIME_ZONE */;

/*!40101 SET SQL_MODE=@OLD_SQL_MODE */;
/*!40014 SET FOREIGN_KEY_CHECKS=@OLD_FOREIGN_KEY_CHECKS */;
/*!40014 SET UNIQUE_CHECKS=@OLD_UNIQUE_CHECKS */;
/*!40101 SET CHARACTER_SET_CLIENT=@OLD_CHARACTER_SET_CLIENT */;
/*!40101 SET CHARACTER_SET_RESULTS=@OLD_CHARACTER_SET_RESULTS */;
/*!40101 SET COLLATION_CONNECTION=@OLD_COLLATION_CONNECTION */;
/*!40111 SET SQL_NOTES=@OLD_SQL_NOTES */;

-- Dump completed on 2025-04-03 18:21:46
